Place|Address|Phone Number|Website|Actual Place Name|Latitude|Longitude|Place Type|Latest Review|Review Date
RMAyam Penyet Jawa Tengah Ayam Penyet HARIAN ,kecamatan ONAN RUNGGU, SAMOSIR |Gagal|Gagal|Gagal|Gagal|Gagal|Gagal|Gagal|Gagal|Gagal
o Rekomendasi aktivitas HARIAN ,kecamatan ONAN RUNGGU, SAMOSIR |Gagal|Gagal|Gagal|Gagal|Gagal|Gagal|Gagal|Gagal|Gagal
TOKO RATU HARIAN ,kecamatan ONAN RUNGGU, SAMOSIR |CWVQ+X2V, Jl. Pulau Samosir, Pangaloan, Kecamatan Nainggolan, Kabupaten Samosir, Sumatera Utara 22394|Nomor telepon tidak ditemukan|Alamat web tidak ditemukan|TOKO RATU|2.4449933|98.937534|Toko bahan makanan|Tidak ada review|Tidak ada review
Kedai adri HARIAN ,kecamatan ONAN RUNGGU, SAMOSIR |CWPG+QMM Sosor RB, Jl. Pulau Samosir, Pangaloan, Kecamatan Nainggolan, Kabupaten Samosir, Sumatera Utara 22391|Nomor telepon tidak ditemukan|Alamat web tidak ditemukan|Kedai adri|2.4369724|98.9266648|Kedai Kopi|Tidak ada review|Tidak ada review
Gereja Pentakosta Indonesia Siarsam HARIAN ,kecamatan ONAN RUNGGU, SAMOSIR |CWQM+8C8, Pangaloan, Kecamatan Nainggolan, Kabupaten Samosir, Sumatera Utara 22391|Nomor telepon tidak ditemukan|Alamat web tidak ditemukan|Gereja Pentakosta Indonesia Siarsam|2.4382806|98.9335641|Gereja|Tidak ada review|Tidak ada review
10m L HARIAN ,kecamatan ONAN RUNGGU, SAMOSIR |Gagal|Gagal|Gagal|Gagal|Gagal|Gagal|Gagal|Gagal|Gagal
 Rekomendasi akti HARIAN ,kecamatan ONAN RUNGGU, SAMOSIR |Gagal|Gagal|Gagal|Gagal|Gagal|Gagal|Gagal|Gagal|Gagal
o Rekomendasi aktivitas HARIAN ,kecamatan ONAN RUNGGU, SAMOSIR |Gagal|Gagal|Gagal|Gagal|Gagal|Gagal|Gagal|Gagal|Gagal
10m l HARIAN ,kecamatan ONAN RUNGGU, SAMOSIR |Gagal|Gagal|Gagal|Gagal|Gagal|Gagal|Gagal|Gagal|Gagal
10 ml HARIAN ,kecamatan ONAN RUNGGU, SAMOSIR |Gagal|Gagal|Gagal|Gagal|Gagal|Gagal|Gagal|Gagal|Gagal
 Rekomendasi aktivitas HARIAN ,kecamatan ONAN RUNGGU, SAMOSIR |Gagal|Gagal|Gagal|Gagal|Gagal|Gagal|Gagal|Gagal|Gagal
Tambak ni Raja M HARIAN ,kecamatan ONAN RUNGGU, SAMOSIR |Harian, Kec. Onan Runggu, Kabupaten Samosir, Sumatera Utara 22391|Nomor telepon tidak ditemukan|Alamat web tidak ditemukan|Tambak ni Raja Musa|2.4371031|98.9267735|Tempat Ziarah|Tidak ada review|Tidak ada review
Smk Parulian 3 Medan HARIAN ,kecamatan ONAN RUNGGU, SAMOSIR |CWPG+M2P, Jl. Pulau Samosir, Pangaloan, Kecamatan Nainggolan, Kabupaten Samosir, Sumatera Utara 22391|Nomor telepon tidak ditemukan|Alamat web tidak ditemukan|Smk Parulian 3 Medan|2.4367214|98.925069|Sekolah menengah|Tidak ada review|Tidak ada review
Area ini HARIAN ,kecamatan ONAN RUNGGU, SAMOSIR |Gagal|Gagal|Gagal|Gagal|Gagal|Gagal|Gagal|Gagal|Gagal
Zaitun Ministry samosir HARIAN ,kecamatan ONAN RUNGGU, SAMOSIR |CWPG+R28, Silali, Harian, Kec. Onan Runggu, Kabupaten Samosir, Sumatera Utara 22391|Nomor telepon tidak ditemukan|Alamat web tidak ditemukan|Zaitun Ministry samosir|2.4370391|98.9250934|Gereja|Tidak ada review|Tidak ada review
Pulau Samosir HARIAN ,kecamatan ONAN RUNGGU, SAMOSIR |Gagal|Gagal|Gagal|Gagal|Gagal|Gagal|Gagal|Gagal|Gagal
Privasi Kirim Masukan Produk HARIAN ,kecamatan ONAN RUNGGU, SAMOSIR |Gagal|Gagal|Gagal|Gagal|Gagal|Gagal|Gagal|Gagal|Gagal
